{
  "name": "LeaveUsAlone",
  "description": "If you found this you were probably cheating",
  "createdAtMillis": 1494883748030,
  "home": {
    "w": "world",
    "lx": 956.5250364485267,
    "ly": 75.0625,
    "lz": -1236.9285392053644,
    "p": -2.2500412,
    "y": 180.14694
  }
}